Last Name,First Name,Tesla shareholders are likely to benefit substantially from the decision by the Delaware Court of Chancery to void Elon Musk's $56 billion remuneration package.,Confidence in this topic (10 being the highest).,Please explain your response in 280 characters or less.
Campbell,John,Uncertain,3,"It's highly uncertain whether Tesla shareholders will benefit, but the shareholders of other tech companies may benefit from the signal the decision sends about acceptable compensation policies."
Cochrane,John,Disagree,7,"Tesla's stratospheric stock value depends on the belief that Musk will deliver magic, not selling cars.  The package was not cash today, but options granted before stock rose, reward for performance. Denying ex ante maybe, but ex post welching on deals is not good.  "
Cornelli,Francesca,Did Not Answer,,
Diamond,Douglas,Uncertain,5,
Du,Wenxin,Uncertain,6,"Tesla stock down 2% in the after hour trading following the news, which suggests that a cut in executive pay is not necessarily good news for equity holders. "
Duffie,Darrell,Agree,8,"The option grant was designed to induce Musk to drive the market value of Tesla equity to a much higher level. Now that he (arguably) has done that, the shareholders (other than Musk) are being given a windfall gain by voiding the options. "
Eberly,Janice,Disagree,6,
Fama,Eugene,Uncertain,1,"The number seems large, but I don't know how one can tell if it is too large."
Gabaix,Xavier,Disagree,7,
Goldstein,Itay,Agree,7,
Graham,John,Disagree,9,
Harvey,Campbell,Disagree,5,"A 2% drop in the stock price doesn't seem like a big deal  - so not ""substantial"". What is more interesting is Tesla potentially moving incorporation to Texas. Currently, Delaware has near monopoly over corporate registrations. Competition is on the way. "
Hirshleifer,David,Did Not Answer,,
Hong,Harrison,Agree,7,Governance at Tesla seems problematic.
Jiang,Wei,Disagree,7,
Kaplan,Steven,Disagree,10,Tesla shareholders voted in favor in 2018.  Stock dropped when opinion was announced indicating a loss of value.  Will be a distraction if not value destroyer going forward.
Kashyap,Anil,Disagree,5,
Koijen,Ralph,Did Not Answer,,
Kuhnen,Camelia,Disagree,5,
Lo,Andrew,Did Not Answer,,
Lowry,Michelle,Disagree,7,"The greatest potential benefit to shareholders would be if this caused Tesla to improve its overall corporate governance. However, at this point that does not seem likely."
Ludvigson,Sydney,Uncertain,10,
Maggiori,Matteo,No Opinion,,
Matvos,Gregor,Did Not Answer,,
Moskowitz,Tobias,Uncertain,5,"There's the direct effect of the renumeration, but then there's the indirect effect of the signal from the event.  Not clear what the net effect will be."
Nagel,Stefan,Disagree,5,"Even if the process of awarding the pay package was flawed, as the court seems to have argued, this does not mean that the award was in conflict with the interests shareholders. The stock price also didn't move much, so likely a non-event for shareholder value."
Parker,Jonathan,Agree,9,"The Delaware court, with more information than us, voided the pay based on existing protections for minority investors against conflicted boards & deceptive disclosures, helping investors in Tesla (& all US stocks). Mature Tesla may be better without Musk but that is irrelevant."
Parlour,Christine,Disagree,7,"Absence a friction, courts intervening into market outcomes tend to make people worse off. "
Philippon,Thomas,Agree,4,
Puri,Manju,Did Not Answer,,
Roberts,Michael,Disagree,7,
Sapienza,Paola,Agree,6,"This corresponds to 9.5% of stock market capitalization, but more importantly, the court has pointed the finger to board members who are too close to management, highlighting conflict of interest. I think this is a useful warning "
Seru,Amit,Uncertain,5,
Stambaugh,Robert,Disagree,6,"Judging by Tesla's stock-price reaction to the decision (down slightly), stockholders do not perceive a benefit.  I would not argue otherwise. "
Starks,Laura,Uncertain,5,
Stein,Jeremy,Agree,6,
Stroebel,Johannes,Uncertain,10,Maybe some of the incentive effects (to the extent there are any) have happened already. 
Sufi,Amir,Did Not Answer,,
Titman,Sheridan,Uncertain,5,
Van Nieuwerburgh,Stijn,Strongly Agree,4,Redistribution from entrenched shareholder to diffuse shareholders. signals better corporate governance. Reduce impact of erratic behavior of one large shareholder on entire company.
Whited,Toni,Agree,7,
